<DXInvoice xmlns:xsi="http://www.w3.org/2001/XMLSchema-instance"
  xmlns:xsd="http://www.w3.org/2001/XMLSchema"
  xmlns="http://www.doc-process.com/schema/extended/invoice">
  <Invoice xmlns="">
    <ID>00097848</ID>
    <CopyIndicator>FALSE</CopyIndicator>
    <IssueDate>2017-10-10</IssueDate>
    <InvoiceTypeCode>380</InvoiceTypeCode>
    <DocumentCurrencyCode>RON</DocumentCurrencyCode>
    <TaxCurrencyCode>RON</TaxCurrencyCode>
    <PricingCurrencyCode>RON</PricingCurrencyCode>
    <PaymentCurrencyCode>RON</PaymentCurrencyCode>
    <PaymentAlternativeCurrencyCode>RON</PaymentAlternativeCurrencyCode>
    <LineCountNumeric>7</LineCountNumeric>
    <OrderReference>
      <ID>1710022612323</ID>
      <IssueDate>2017-10-04</IssueDate>
    </OrderReference>
    <DespatchDocumentReference>
      <ID>10-10022730</ID>
      <IssueDate>2017-10-06</IssueDate>
    </DespatchDocumentReference>
    <ReceiptDocumentReference>
      <ID>14731607</ID>
    </ReceiptDocumentReference>
    <AdditionalDocumentReference>
      <ID>0000114690</ID>
    </AdditionalDocumentReference>
    <AccountingSupplierParty>
      <CustomerAssignedAccountID>9999</CustomerAssignedAccountID>
      <Party>
        <PartyIdentification>RO12345</PartyIdentification>
        <PartyName>FURNIZOR SRL</PartyName>
        <PostalAddress>
          <StreetName>Str. TEST</StreetName>
          <BuildingNumber>1</BuildingNumber>
          <CityName>ORAS</CityName>
          <PostalZone>11111</PostalZone>
          <Country>
            <IdentificationCode>RO</IdentificationCode>
          </Country>
          <LocationCoordinate>5940000000000</LocationCoordinate>
        </PostalAddress>
        <PartyLegalEntity>
          <CompanyID>J12/34/1999</CompanyID>
          <CorporateStockAmount currencyID="RON">1200</CorporateStockAmount>
        </PartyLegalEntity>
      </Party>
    </AccountingSupplierParty>
    <AccountingCustomerParty>
      <Party>
        <PartyIdentification>RO11607939</PartyIdentification>
        <PartyName>PROFI ROM FOOD SRL</PartyName>
        <PostalAddress>
          <StreetName>Aleea Amicitiei, Nr. 1</StreetName>
          <AdditionalStreetName>Timisoara</AdditionalStreetName>
          <BuildingNumber>-</BuildingNumber>
          <CityName>Timis</CityName>
          <PostalZone>300288</PostalZone>
          <Country>
            <IdentificationCode>RO</IdentificationCode>
          </Country>
          <LocationCoordinate>5948688999993</LocationCoordinate>
        </PostalAddress>
        <PartyLegalEntity>
          <CompanyID>J35/239/1999</CompanyID>
        </PartyLegalEntity>
      </Party>
    </AccountingCustomerParty>
    <Delivery>
      <ActualDeliveryDate>2017-10-06</ActualDeliveryDate>
      <DeliveryLocation>
        <ID>5948688998873</ID>
        <Description>PROFI ROM FOOD SRL - 2109 SIBIU CIR</Description>
        <LocationAddress>
          <StreetName>STR CISNADIEI NR 19</StreetName>
          <BuildingNumber>-</BuildingNumber>
          <CityName>SIBIU</CityName>
          <PostalZone>-</PostalZone>
          <Country>
            <IdentificationCode>RO</IdentificationCode>
          </Country>
          <LocationCoordinate>5948688998873</LocationCoordinate>
        </LocationAddress>
      </DeliveryLocation>
    </Delivery>
    <PaymentMeans>
      <PaymentMeansCode>42</PaymentMeansCode>
      <PaymentDueDate>2017-11-11</PaymentDueDate>
      <PayerFinancialAccount>
        <ID>RO56RZBR0000060003015891</ID>
        <CurrencyCode>RON</CurrencyCode>
        <FinancialInstitutionBranch>
          <FinancialInstitution>
            <Name>RAIFFEISEN BANK</Name>
          </FinancialInstitution>
        </FinancialInstitutionBranch>
      </PayerFinancialAccount>
      <PayeeFinancialAccount>
        <ID>RO55BTRL03301202679971XX</ID>
        <CurrencyCode>RON</CurrencyCode>
        <FinancialInstitutionBranch>
          <FinancialInstitution>
            <Name>BANCA TRANSILVANIA</Name>
          </FinancialInstitution>
        </FinancialInstitutionBranch>
      </PayeeFinancialAccount>
    </PaymentMeans>
    <PaymentTerms>
      <ID>1</ID>
      <PaymentMeansID>5</PaymentMeansID>
      <ReferenceEventCode>3</ReferenceEventCode>
      <SettlementPeriod>
        <DurationMeasure>2</DurationMeasure>
        <DescriptionCode>D</DescriptionCode>
      </SettlementPeriod>
    </PaymentTerms>
    <TaxTotal>
      <TaxAmount>112.47</TaxAmount>
      <TaxSubtotal>
        <TaxableAmount>1249.73</TaxableAmount>
        <TaxAmount>112.47</TaxAmount>
        <Percent>9</Percent>
        <TaxCategory>
          <TaxScheme>
            <ID>7</ID>
            <Name>S</Name>
            <TaxTypeCode>VAT</TaxTypeCode>
          </TaxScheme>
        </TaxCategory>
      </TaxSubtotal>
    </TaxTotal>
    <LegalMonetaryTotal>
      <TaxExclusiveAmount>1249.73</TaxExclusiveAmount>
      <TaxInclusiveAmount>1362.2</TaxInclusiveAmount>
    </LegalMonetaryTotal>
  </Invoice>
  <InvoiceLine xmlns="">
    <ID>1</ID>
    <InvoicedQuantity unitCode="KGM">6.5</InvoicedQuantity>
    <LineExtensionAmount>185.71</LineExtensionAmount>
    <TaxInclusiveAmount>202.42</TaxInclusiveAmount>
    <FreeOfChargeIndicator>false</FreeOfChargeIndicator>
    <Delivery>
      <Quantity unitCode="KGM">6.5</Quantity>
    </Delivery>
    <TaxTotal>
      <TaxAmount>16.71</TaxAmount>
      <TaxSubtotal>
        <TaxableAmount>185.71</TaxableAmount>
        <TaxAmount>16.71</TaxAmount>
        <Percent>9</Percent>
        <TaxCategory>
          <TaxScheme>
            <ID>7</ID>
            <Name>S</Name>
            <TaxTypeCode>VAT</TaxTypeCode>
          </TaxScheme>
        </TaxCategory>
      </TaxSubtotal>
    </TaxTotal>
    <Item>
      <Description>produs test 1</Description>
      <PackSizeNumeric unitCode="KGM">1</PackSizeNumeric>
      <AdditionalInformation>ReturnableMaterialIndicator:false</AdditionalInformation>
      <BuyersItemIdentification>
        <ID>8580</ID>
      </BuyersItemIdentification>
      <SellersItemIdentification>
        <ID>392071</ID>
      </SellersItemIdentification>
      <StandardItemIdentification>
        <ID>2808580</ID>
      </StandardItemIdentification>
    </Item>
    <Price>
      <PriceAmount>28.57</PriceAmount>
      <BaseQuantity unitCode="KGM">6.5</BaseQuantity>
    </Price>
  </InvoiceLine>
  <InvoiceLine xmlns="">
    <ID>2</ID>
    <InvoicedQuantity unitCode="KGM">15</InvoicedQuantity>
    <LineExtensionAmount>470.25</LineExtensionAmount>
    <TaxInclusiveAmount>512.57</TaxInclusiveAmount>
    <FreeOfChargeIndicator>false</FreeOfChargeIndicator>
    <Delivery>
      <Quantity unitCode="KGM">15</Quantity>
    </Delivery>
    <TaxTotal>
      <TaxAmount>42.32</TaxAmount>
      <TaxSubtotal>
        <TaxableAmount>470.25</TaxableAmount>
        <TaxAmount>42.32</TaxAmount>
        <Percent>9</Percent>
        <TaxCategory>
          <TaxScheme>
            <ID>7</ID>
            <Name>S</Name>
            <TaxTypeCode>VAT</TaxTypeCode>
          </TaxScheme>
        </TaxCategory>
      </TaxSubtotal>
    </TaxTotal>
    <Item>
      <Description>Produs test 2</Description>
      <PackSizeNumeric unitCode="KGM">1</PackSizeNumeric>
      <AdditionalInformation>ReturnableMaterialIndicator:false</AdditionalInformation>
      <BuyersItemIdentification>
        <ID>8575</ID>
      </BuyersItemIdentification>
      <SellersItemIdentification>
        <ID>390021</ID>
      </SellersItemIdentification>
      <StandardItemIdentification>
        <ID>2808575</ID>
      </StandardItemIdentification>
    </Item>
    <Price>
      <PriceAmount>31.35</PriceAmount>
      <BaseQuantity unitCode="KGM">15</BaseQuantity>
    </Price>
  </InvoiceLine>
  <InvoiceLine xmlns="">
    <ID>4</ID>
    <InvoicedQuantity unitCode="KGM">6.5</InvoicedQuantity>
    <LineExtensionAmount>226.07</LineExtensionAmount>
    <TaxInclusiveAmount>246.42</TaxInclusiveAmount>
    <FreeOfChargeIndicator>false</FreeOfChargeIndicator>
    <Delivery>
      <Quantity unitCode="KGM">6.5</Quantity>
    </Delivery>
    <TaxTotal>
      <TaxAmount>20.35</TaxAmount>
      <TaxSubtotal>
        <TaxableAmount>226.07</TaxableAmount>
        <TaxAmount>20.35</TaxAmount>
        <Percent>9</Percent>
        <TaxCategory>
          <TaxScheme>
            <ID>7</ID>
            <Name>S</Name>
            <TaxTypeCode>VAT</TaxTypeCode>
          </TaxScheme>
        </TaxCategory>
      </TaxSubtotal>
    </TaxTotal>
    <Item>
      <Description>Produs test 3</Description>
      <PackSizeNumeric unitCode="KGM">1</PackSizeNumeric>
      <AdditionalInformation>ReturnableMaterialIndicator:false</AdditionalInformation>
      <BuyersItemIdentification>
        <ID>8577</ID>
      </BuyersItemIdentification>
      <SellersItemIdentification>
        <ID>392011</ID>
      </SellersItemIdentification>
      <StandardItemIdentification>
        <ID>2808577</ID>
      </StandardItemIdentification>
    </Item>
    <Price>
      <PriceAmount>34.78</PriceAmount>
      <BaseQuantity unitCode="KGM">6.5</BaseQuantity>
    </Price>
  </InvoiceLine>
  <InvoiceLine xmlns="">
    <ID>5</ID>
    <InvoicedQuantity unitCode="KGM">3.8</InvoicedQuantity>
    <LineExtensionAmount>80.83</LineExtensionAmount>
    <TaxInclusiveAmount>88.1</TaxInclusiveAmount>
    <FreeOfChargeIndicator>false</FreeOfChargeIndicator>
    <Delivery>
      <Quantity unitCode="KGM">3.8</Quantity>
    </Delivery>
    <TaxTotal>
      <TaxAmount>7.27</TaxAmount>
      <TaxSubtotal>
        <TaxableAmount>80.83</TaxableAmount>
        <TaxAmount>7.27</TaxAmount>
        <Percent>9</Percent>
        <TaxCategory>
          <TaxScheme>
            <ID>7</ID>
            <Name>S</Name>
            <TaxTypeCode>VAT</TaxTypeCode>
          </TaxScheme>
        </TaxCategory>
      </TaxSubtotal>
    </TaxTotal>
    <Item>
      <Description>Produs test 4</Description>
      <PackSizeNumeric unitCode="KGM">1</PackSizeNumeric>
      <AdditionalInformation>ReturnableMaterialIndicator:false</AdditionalInformation>
      <BuyersItemIdentification>
        <ID>7728</ID>
      </BuyersItemIdentification>
      <SellersItemIdentification>
        <ID>395051</ID>
      </SellersItemIdentification>
      <StandardItemIdentification>
        <ID>2520240</ID>
      </StandardItemIdentification>
    </Item>
    <Price>
      <PriceAmount>21.27</PriceAmount>
      <BaseQuantity unitCode="KGM">3.8</BaseQuantity>
    </Price>
  </InvoiceLine>
  <InvoiceLine xmlns="">
    <ID>6</ID>
    <InvoicedQuantity unitCode="KGM">3.2</InvoicedQuantity>
    <LineExtensionAmount>85.54</LineExtensionAmount>
    <TaxInclusiveAmount>93.24</TaxInclusiveAmount>
    <FreeOfChargeIndicator>false</FreeOfChargeIndicator>
    <Delivery>
      <Quantity unitCode="KGM">3.2</Quantity>
    </Delivery>
    <TaxTotal>
      <TaxAmount>7.7</TaxAmount>
      <TaxSubtotal>
        <TaxableAmount>85.54</TaxableAmount>
        <TaxAmount>7.7</TaxAmount>
        <Percent>9</Percent>
        <TaxCategory>
          <TaxScheme>
            <ID>7</ID>
            <Name>S</Name>
            <TaxTypeCode>VAT</TaxTypeCode>
          </TaxScheme>
        </TaxCategory>
      </TaxSubtotal>
    </TaxTotal>
    <Item>
      <Description>Produs test 5</Description>
      <PackSizeNumeric unitCode="KGM">1</PackSizeNumeric>
      <AdditionalInformation>ReturnableMaterialIndicator:false</AdditionalInformation>
      <BuyersItemIdentification>
        <ID>8579</ID>
      </BuyersItemIdentification>
      <SellersItemIdentification>
        <ID>397101</ID>
      </SellersItemIdentification>
      <StandardItemIdentification>
        <ID>2808579</ID>
      </StandardItemIdentification>
    </Item>
    <Price>
      <PriceAmount>26.73</PriceAmount>
      <BaseQuantity unitCode="KGM">3.2</BaseQuantity>
    </Price>
  </InvoiceLine>
  <InvoiceLine xmlns="">
    <ID>7</ID>
    <InvoicedQuantity unitCode="KGM">4.6</InvoicedQuantity>
    <LineExtensionAmount>133.17</LineExtensionAmount>
    <TaxInclusiveAmount>145.16</TaxInclusiveAmount>
    <FreeOfChargeIndicator>false</FreeOfChargeIndicator>
    <Delivery>
      <Quantity unitCode="KGM">4.6</Quantity>
    </Delivery>
    <TaxTotal>
      <TaxAmount>11.99</TaxAmount>
      <TaxSubtotal>
        <TaxableAmount>133.17</TaxableAmount>
        <TaxAmount>11.99</TaxAmount>
        <Percent>9</Percent>
        <TaxCategory>
          <TaxScheme>
            <ID>7</ID>
            <Name>S</Name>
            <TaxTypeCode>VAT</TaxTypeCode>
          </TaxScheme>
        </TaxCategory>
      </TaxSubtotal>
    </TaxTotal>
    <Item>
      <Description>Produs test 6</Description>
      <PackSizeNumeric unitCode="KGM">1</PackSizeNumeric>
      <AdditionalInformation>ReturnableMaterialIndicator:false</AdditionalInformation>
      <BuyersItemIdentification>
        <ID>8576</ID>
      </BuyersItemIdentification>
      <SellersItemIdentification>
        <ID>397001</ID>
      </SellersItemIdentification>
      <StandardItemIdentification>
        <ID>2512272</ID>
      </StandardItemIdentification>
    </Item>
    <Price>
      <PriceAmount>28.95</PriceAmount>
      <BaseQuantity unitCode="KGM">4.6</BaseQuantity>
    </Price>
  </InvoiceLine>
  <InvoiceLine xmlns="">
    <ID>8</ID>
    <InvoicedQuantity unitCode="KGM">2.2</InvoicedQuantity>
    <LineExtensionAmount>68.16</LineExtensionAmount>
    <TaxInclusiveAmount>74.29</TaxInclusiveAmount>
    <FreeOfChargeIndicator>false</FreeOfChargeIndicator>
    <Delivery>
      <Quantity unitCode="KGM">2.2</Quantity>
    </Delivery>
    <TaxTotal>
      <TaxAmount>6.13</TaxAmount>
      <TaxSubtotal>
        <TaxableAmount>68.16</TaxableAmount>
        <TaxAmount>6.13</TaxAmount>
        <Percent>9</Percent>
        <TaxCategory>
          <TaxScheme>
            <ID>7</ID>
            <Name>S</Name>
            <TaxTypeCode>VAT</TaxTypeCode>
          </TaxScheme>
        </TaxCategory>
      </TaxSubtotal>
    </TaxTotal>
    <Item>
      <Description>Produs test 7</Description>
      <PackSizeNumeric unitCode="KGM">1</PackSizeNumeric>
      <AdditionalInformation>ReturnableMaterialIndicator:false</AdditionalInformation>
      <BuyersItemIdentification>
        <ID>7750</ID>
      </BuyersItemIdentification>
      <SellersItemIdentification>
        <ID>392061</ID>
      </SellersItemIdentification>
      <StandardItemIdentification>
        <ID>2534634</ID>
      </StandardItemIdentification>
    </Item>
    <Price>
      <PriceAmount>30.98</PriceAmount>
      <BaseQuantity unitCode="KGM">2.2</BaseQuantity>
    </Price>
  </InvoiceLine>
</DXInvoice>
